year,PracticeID,lhb,GPCluster,pop,CHD,COPD,DEM,DIAB,EPI,HF,HYP,LRN,MEN,OBI,OST,PAL,RAR,STR,AF,AST,CAN,FLU
2018,W00141,Abertawe Bro Morgannwg,Afan,4383,164,128,21,293,42,22,545,20,74,334,8,7,21,61,48,360,115,976
2018,W98017,Abertawe Bro Morgannwg,Afan,2752,132,132,40,214,30,50,686,16,37,576,26,19,23,88,82,317,101,770
2018,W98019,Abertawe Bro Morgannwg,Afan,5802,254,223,40,474,59,74,1191,31,109,952,24,29,64,144,139,561,167,1471
2018,W98031,Abertawe Bro Morgannwg,Afan,11046,462,210,132,785,92,129,1745,54,141,1463,26,23,69,245,263,795,334,2848
2018,W98032,Abertawe Bro Morgannwg,Afan,8720,343,220,43,605,87,59,1568,33,133,921,6,41,57,158,153,682,188,2183
2018,W98035,Abertawe Bro Morgannwg,Afan,9335,337,240,80,742,92,55,1508,62,101,1137,12,14,60,201,246,635,300,2478
2018,W98041,Abertawe Bro Morgannwg,Afan,6773,269,200,48,515,55,53,1057,40,109,993,4,10,55,145,129,383,159,1467
2018,W98627,Abertawe Bro Morgannwg,Afan,2282,99,59,19,182,36,24,392,21,32,421,9,12,16,59,51,220,88,613
2018,W98016,Abertawe Bro Morgannwg,Bay Health,8849,358,170,74,503,73,95,1389,44,105,732,40,9,64,199,307,593,339,2493
2018,W98021,Abertawe Bro Morgannwg,Bay Health,21375,710,290,171,994,136,214,2685,56,249,1166,62,30,102,446,536,1593,789,5636
2018,W98023,Abertawe Bro Morgannwg,Bay Health,7401,236,153,34,345,44,39,985,23,118,593,26,17,53,141,141,528,201,1652
2018,W98033,Abertawe Bro Morgannwg,Bay Health,7686,341,103,63,430,36,89,1326,15,78,501,51,13,44,245,264,477,346,2761
2018,W98045,Abertawe Bro Morgannwg,Bay Health,6394,254,102,91,308,23,77,984,7,63,497,39,7,36,159,211,361,246,2137
2018,W98049,Abertawe Bro Morgannwg,Bay Health,9301,285,110,79,381,39,117,1170,15,114,491,16,14,47,195,246,589,278,2336
2018,W98053,Abertawe Bro Morgannwg,Bay Health,9959,4,2,1,53,26,3,33,0,13,445,0,0,4,1,3,424,8,76
2018,W98055,Abertawe Bro Morgannwg,Bay Health,3698,143,43,46,179,21,58,609,13,26,158,19,17,23,93,117,271,157,1125
2018,W95010,Abertawe Bro Morgannwg,Bridgend East Network,18094,674,266,139,1146,135,132,2357,74,186,1267,7,33,104,447,440,1280,510,4093
2018,W95017,Abertawe Bro Morgannwg,Bridgend East Network,7770,302,171,42,520,43,54,1287,17,54,719,36,10,61,194,177,561,227,1875
2018,W95018,Abertawe Bro Morgannwg,Bridgend East Network,11739,426,203,61,675,75,137,1647,48,76,1024,10,39,63,269,236,787,365,2565
2018,W95035,Abertawe Bro Morgannwg,Bridgend East Network,19100,713,408,125,1118,142,218,3253,108,242,2082,41,59,135,461,443,1542,546,4378
2018,W95070,Abertawe Bro Morgannwg,Bridgend East Network,14789,538,313,85,900,111,179,2312,57,124,1018,36,15,75,400,339,1074,426,3295
2018,W95009,Abertawe Bro Morgannwg,Bridgend North Network,9225,517,303,39,678,104,150,1910,37,74,1252,27,46,57,239,274,713,294,2485
2018,W95012,Abertawe Bro Morgannwg,Bridgend North Network,6541,310,329,34,479,54,104,1281,45,72,482,18,73,63,178,192,665,198,1603
2018,W95031,Abertawe Bro Morgannwg,Bridgend North Network,7626,359,302,28,599,79,92,1504,38,88,951,14,5,61,187,159,642,192,1741
2018,W95037,Abertawe Bro Morgannwg,Bridgend North Network,10442,388,247,98,728,100,143,1588,61,112,796,16,13,68,269,256,763,333,2432
2018,W95064,Abertawe Bro Morgannwg,Bridgend North Network,6128,250,158,32,449,57,94,1261,41,51,585,35,37,52,150,142,474,162,1597
2018,W95067,Abertawe Bro Morgannwg,Bridgend North Network,4331,142,122,40,270,37,29,764,11,42,479,2,8,20,88,86,276,97,1006
2018,W95079,Abertawe Bro Morgannwg,Bridgend North Network,4398,139,71,19,260,33,31,598,19,35,474,26,6,48,86,58,308,108,860
2018,W95645,Abertawe Bro Morgannwg,Bridgend North Network,3124,142,87,35,230,26,28,643,14,48,242,8,36,23,92,62,288,80,798
2018,W95034,Abertawe Bro Morgannwg,Bridgend West Network,10910,465,234,70,711,78,98,1693,39,128,1059,21,31,89,290,246,891,344,2662
2018,W95041,Abertawe Bro Morgannwg,Bridgend West Network,15210,869,430,201,1098,122,300,3109,85,216,1184,134,92,128,616,610,1231,774,5301
2018,W95063,Abertawe Bro Morgannwg,Bridgend West Network,8445,361,182,35,452,60,104,1165,56,86,530,7,19,64,212,175,688,210,1854
2018,W98015,Abertawe Bro Morgannwg,City Health,4986,153,219,11,244,45,40,507,32,99,436,5,2,22,73,52,392,84,795
2018,W98020,Abertawe Bro Morgannwg,City Health,4392,187,116,25,347,29,92,582,13,38,379,3,5,23,114,86,274,106,1290
2018,W98024,Abertawe Bro Morgannwg,City Health,6119,273,139,93,413,48,57,1066,34,90,560,27,8,39,181,172,505,173,1820
2018,W98027,Abertawe Bro Morgannwg,City Health,10467,315,200,27,574,96,88,1092,52,185,700,2,10,55,257,158,821,237,1954
2018,W98039,Abertawe Bro Morgannwg,City Health,4316,158,95,14,260,35,39,543,15,72,615,15,4,18,75,73,303,90,783
2018,W98056,Abertawe Bro Morgannwg,City Health,5248,183,117,64,349,43,40,894,24,45,725,6,37,35,93,104,402,116,1057
2018,W98057,Abertawe Bro Morgannwg,City Health,7816,246,214,73,446,58,63,895,37,82,533,14,22,33,137,115,531,141,1272
2018,W98608,Abertawe Bro Morgannwg,City Health,6780,213,181,39,485,52,36,912,50,134,496,5,11,29,122,109,391,89,1430
2018,W98610,Abertawe Bro Morgannwg,City Health,1479,49,30,6,81,9,12,218,4,22,104,3,1,13,30,33,81,50,367
2018,W98005,Abertawe Bro Morgannwg,Cwmtawe,10793,345,216,49,608,96,144,1567,50,75,1268,28,10,38,190,197,783,282,2085
2018,W98022,Abertawe Bro Morgannwg,Cwmtawe,10983,421,214,77,718,90,126,1467,77,127,1081,31,6,82,241,268,692,341,2737
2018,W98026,Abertawe Bro Morgannwg,Cwmtawe,6564,251,144,41,476,74,79,1081,25,55,934,13,7,36,163,161,462,114,1701
2018,W98029,Abertawe Bro Morgannwg,Cwmtawe,7599,322,156,58,494,65,91,1241,27,53,933,6,9,60,190,181,452,198,1952
2018,W98044,Abertawe Bro Morgannwg,Cwmtawe,6837,217,123,41,380,63,59,970,35,87,818,34,9,38,136,126,538,186,1488
2018,W98008,Abertawe Bro Morgannwg,Llwchwr,8462,324,180,48,482,68,101,1482,41,86,852,35,13,51,146,196,749,268,1973
2018,W98012,Abertawe Bro Morgannwg,Llwchwr,14066,574,230,141,918,100,162,2340,58,145,1193,56,70,117,363,383,1059,546,3794
2018,W98013,Abertawe Bro Morgannwg,Llwchwr,9070,311,152,66,489,71,86,1143,27,97,829,14,10,40,179,220,713,172,2087
2018,W98034,Abertawe Bro Morgannwg,Llwchwr,11092,395,227,78,626,115,140,1644,76,88,1012,69,25,71,244,269,924,348,2661
2018,W98787,Abertawe Bro Morgannwg,Llwchwr,4897,147,73,21,257,39,38,635,24,33,567,3,9,39,91,96,339,127,1079
2018,W00144,Abertawe Bro Morgannwg,Neath,5548,197,124,24,361,35,35,778,38,69,736,4,9,43,108,112,477,143,1184
2018,W98002,Abertawe Bro Morgannwg,Neath,9661,422,216,75,668,100,94,1673,66,80,1415,42,13,72,255,235,828,320,2548
2018,W98006,Abertawe Bro Morgannwg,Neath,10135,396,264,75,670,91,123,1633,87,93,1646,134,31,104,288,282,887,337,2798
2018,W98010,Abertawe Bro Morgannwg,Neath,8691,322,200,64,528,81,69,1349,49,86,1240,18,27,71,183,207,661,306,2181
2018,W98036,Abertawe Bro Morgannwg,Neath,8604,337,154,54,551,80,51,1418,34,95,1159,15,23,61,191,205,592,217,2270
2018,W98040,Abertawe Bro Morgannwg,Neath,6209,270,166,65,488,64,93,1145,40,71,887,25,24,57,152,194,515,191,1699
2018,W98048,Abertawe Bro Morgannwg,Neath,5079,127,83,10,283,27,20,606,26,50,637,3,6,42,75,83,362,75,1079
2018,W98785,Abertawe Bro Morgannwg,Neath,2549,66,60,4,153,24,15,344,20,39,158,0,1,13,40,42,229,37,577
2018,W98003,Abertawe Bro Morgannwg,Penderi,8375,309,203,34,540,87,60,1227,60,109,782,15,13,56,183,175,712,229,1857
2018,W98004,Abertawe Bro Morgannwg,Penderi,8205,244,164,73,480,83,91,1034,32,99,806,7,21,33,175,131,525,188,1693
2018,W98007,Abertawe Bro Morgannwg,Penderi,6491,279,150,30,455,54,70,899,48,78,846,22,16,37,144,138,482,141,1403
2018,W98028,Abertawe Bro Morgannwg,Penderi,7749,274,167,36,499,54,80,981,37,73,951,22,19,42,139,133,512,131,1618
2018,W98043,Abertawe Bro Morgannwg,Penderi,5280,204,160,26,342,38,52,882,21,51,500,9,2,45,142,105,337,146,1333
2018,W98612,Abertawe Bro Morgannwg,Penderi,2114,45,112,3,133,14,14,283,15,20,263,2,2,8,29,24,102,52,416
2018,W00143,Abertawe Bro Morgannwg,Upper Valleys,3289,131,98,13,207,24,39,608,14,55,512,2,5,28,83,65,235,113,866
2018,W98001,Abertawe Bro Morgannwg,Upper Valleys,12689,497,293,131,748,97,114,2056,65,123,985,12,9,89,257,276,790,400,3015
2018,W98030,Abertawe Bro Morgannwg,Upper Valleys,6067,273,159,56,500,67,94,1006,28,59,963,13,19,47,147,165,422,205,1718
2018,W98046,Abertawe Bro Morgannwg,Upper Valleys,9549,403,287,75,703,79,131,1857,47,120,966,78,13,78,247,246,872,330,2569
2018,W93007,Aneurin Bevan,Blaenau Gwent East,4946,184,141,33,320,40,51,741,14,27,344,8,12,43,100,99,367,128,1183
2018,W93009,Aneurin Bevan,Blaenau Gwent East,5265,228,192,5,395,45,52,993,24,49,588,8,17,34,89,87,312,115,1227
2018,W93068,Aneurin Bevan,Blaenau Gwent East,10333,462,312,102,840,104,102,2091,48,99,1665,32,27,103,258,212,705,175,2595
2018,W93075,Aneurin Bevan,Blaenau Gwent East,7773,337,298,34,576,77,91,1551,33,70,859,17,29,77,149,160,532,207,2023
2018,W93115,Aneurin Bevan,Blaenau Gwent East,6327,316,233,45,525,63,176,1310,46,95,1104,57,13,59,154,117,489,195,1582
2018,W93032,Aneurin Bevan,Blaenau Gwent West,8596,337,201,57,545,77,78,1537,44,83,1012,8,36,71,179,152,655,264,2082
2018,W93035,Aneurin Bevan,Blaenau Gwent West,7085,269,242,49,487,59,61,1132,27,49,731,11,19,51,115,119,600,139,1610
2018,W93063,Aneurin Bevan,Blaenau Gwent West,5592,293,169,44,438,57,139,1071,24,61,872,11,14,50,153,166,407,191,1553
2018,W93065,Aneurin Bevan,Blaenau Gwent West,6715,277,172,33,520,79,80,1104,54,45,426,6,39,46,152,130,541,237,1686
2018,W93619,Aneurin Bevan,Blaenau Gwent West,3499,132,101,23,252,24,54,667,24,21,546,36,10,35,93,76,309,99,862
2018,W93623,Aneurin Bevan,Blaenau Gwent West,6894,218,176,58,492,44,89,1198,29,29,1051,9,22,51,128,156,370,128,1594
2018,W93001,Aneurin Bevan,Caerphilly East,7279,287,166,34,411,56,68,1048,27,49,977,5,27,46,145,112,508,176,1595
2018,W93011,Aneurin Bevan,Caerphilly East,13083,412,260,54,804,81,65,2135,41,104,1180,9,34,56,168,223,782,297,3001
2018,W93012,Aneurin Bevan,Caerphilly East,7626,238,137,44,412,56,59,1138,37,63,950,27,23,41,128,149,469,162,1877
2018,W93014,Aneurin Bevan,Caerphilly East,6008,201,124,27,425,52,52,998,33,56,820,9,15,37,114,110,393,128,1544
2018,W93059,Aneurin Bevan,Caerphilly East,8469,228,116,37,417,55,51,1246,15,60,814,6,32,36,147,147,609,198,1676
2018,W93064,Aneurin Bevan,Caerphilly East,14068,574,328,65,1003,103,86,2280,76,127,1739,8,38,86,263,290,848,335,3459
2018,W93067,Aneurin Bevan,Caerphilly East,9450,333,229,64,580,73,87,1562,39,83,962,7,23,63,165,180,604,284,2236
2018,W93010,Aneurin Bevan,Caerphilly North,3078,105,77,15,172,35,38,477,21,28,430,11,22,22,59,48,205,80,676
2018,W93614,Aneurin Bevan,Caerphilly North,3672,111,70,17,233,32,21,512,42,34,406,4,13,31,68,63,199,82,942
2018,W93642,Aneurin Bevan,Caerphilly North,1657,80,35,10,126,2,13,301,3,17,205,3,2,8,22,28,99,48,414
2018,W95013,Aneurin Bevan,Caerphilly North,5834,281,197,24,493,72,47,1108,21,77,635,3,11,49,140,134,424,151,1566
2018,W95043,Aneurin Bevan,Caerphilly North,5662,255,147,54,436,42,72,945,42,57,660,11,25,52,150,144,365,191,1567
2018,W95050,Aneurin Bevan,Caerphilly North,8314,298,175,28,589,84,63,1271,71,81,912,6,3,48,138,129,661,167,1755
2018,W95065,Aneurin Bevan,Caerphilly North,13821,481,304,74,860,103,85,2067,66,107,1287,33,83,104,259,293,954,404,3191
2018,W95068,Aneurin Bevan,Caerphilly North,8984,328,222,46,609,65,80,1402,65,78,1031,5,15,62,157,146,603,221,2080
2018,W95078,Aneurin Bevan,Caerphilly North,2729,115,59,7,233,22,24,520,13,29,315,2,5,27,50,46,218,61,617
2018,W95081,Aneurin Bevan,Caerphilly North,12993,581,429,118,959,110,184,2508,54,151,2385,64,54,110,301,306,925,353,3029
2018,W00005,Aneurin Bevan,Caerphilly South,8015,321,216,36,546,74,51,1313,32,76,781,9,20,82,151,146,534,210,1786
2018,W95008,Aneurin Bevan,Caerphilly South,10390,383,212,61,586,73,75,1635,37,80,845,9,28,62,243,244,610,376,2586
2018,W95046,Aneurin Bevan,Caerphilly South,12631,513,211,95,789,92,152,2067,37,99,1365,18,20,125,290,312,850,477,3380
2018,W95049,Aneurin Bevan,Caerphilly South,8693,292,193,58,477,58,41,1306,15,55,910,10,52,59,141,128,524,175,1628
2018,W95059,Aneurin Bevan,Caerphilly South,9751,293,151,69,589,73,63,1375,47,99,1027,4,24,75,173,194,730,283,2101
2018,W95073,Aneurin Bevan,Caerphilly South,3003,102,91,5,170,21,18,498,13,25,410,3,11,15,56,49,239,85,605
2018,W95636,Aneurin Bevan,Caerphilly South,4033,189,111,25,301,36,56,653,77,82,538,0,30,27,77,72,238,95,846
2018,W93004,Aneurin Bevan,Monmouthshire North,8723,340,236,95,629,73,141,1632,29,77,1109,47,50,58,237,270,580,328,2747
2018,W93019,Aneurin Bevan,Monmouthshire North,4581,144,65,27,255,28,51,830,18,33,682,28,15,29,99,143,334,169,1314
2018,W93033,Aneurin Bevan,Monmouthshire North,10200,458,207,73,683,92,199,2085,66,115,1486,113,25,88,280,320,801,427,2884
2018,W93036,Aneurin Bevan,Monmouthshire North,13525,530,294,149,884,87,253,2316,39,118,1279,28,46,96,391,459,984,588,4129
2018,W93037,Aneurin Bevan,Monmouthshire North,4826,208,65,26,310,25,82,735,5,26,652,9,84,36,142,153,260,177,1421
2018,W93038,Aneurin Bevan,Monmouthshire North,2733,102,31,12,139,13,32,483,2,12,232,2,9,14,51,73,156,119,894
2018,W93072,Aneurin Bevan,Monmouthshire North,4400,140,89,74,218,24,57,654,6,46,347,6,45,27,97,97,332,158,1048
2018,W93126,Aneurin Bevan,Monmouthshire North,3774,148,44,17,208,23,51,492,11,79,236,4,15,34,89,87,200,135,990
2018,W93020,Aneurin Bevan,Monmouthshire South,8666,346,138,86,468,57,96,1367,16,45,814,41,77,69,175,229,571,320,2264
2018,W93021,Aneurin Bevan,Monmouthshire South,8343,248,112,93,467,49,97,1280,39,51,1040,76,37,50,173,191,632,322,1941
2018,W93022,Aneurin Bevan,Monmouthshire South,9081,293,168,74,467,60,78,1359,36,47,565,19,26,56,206,196,652,283,2234
2018,W93023,Aneurin Bevan,Monmouthshire South,19406,705,289,117,1236,118,167,3141,64,104,1988,53,75,121,427,473,1426,604,4907
2018,W93643,Aneurin Bevan,Monmouthshire South,1916,47,36,12,93,13,25,331,0,14,350,3,15,13,38,58,164,96,546
2018,W93040,Aneurin Bevan,Newport East,6107,197,101,18,395,44,44,958,30,41,440,9,27,36,106,87,398,171,1204
2018,W93044,Aneurin Bevan,Newport East,9405,246,144,23,538,47,44,946,21,65,757,1,26,38,111,118,483,174,1576
2018,W93047,Aneurin Bevan,Newport East,6862,250,129,35,442,65,52,1046,20,51,525,11,26,44,126,142,447,171,1481
2018,W93052,Aneurin Bevan,Newport East,5508,175,138,27,395,36,24,778,25,41,465,6,23,29,81,94,319,119,1182
2018,W93053,Aneurin Bevan,Newport East,13293,433,222,69,839,100,107,1653,69,136,1754,25,36,73,234,217,876,362,2759
2018,W93125,Aneurin Bevan,Newport East,4209,132,35,14,206,23,23,482,17,40,712,3,7,31,48,58,268,73,816
2018,W93640,Aneurin Bevan,Newport East,4567,143,112,19,297,35,56,785,25,45,698,2,9,22,95,91,379,102,950
2018,W93018,Aneurin Bevan,Newport North,9437,299,127,58,427,66,100,1350,29,71,781,49,26,60,180,198,610,328,2326
2018,W93043,Aneurin Bevan,Newport North,6388,232,101,44,428,52,50,1163,25,64,576,6,37,36,109,119,420,211,1528
2018,W93045,Aneurin Bevan,Newport North,8165,249,151,62,561,62,72,1308,18,69,776,12,28,43,167,178,575,281,2027
2018,W93049,Aneurin Bevan,Newport North,12146,380,221,59,691,87,98,1743,47,152,1299,20,16,78,197,157,825,283,2495
2018,W93051,Aneurin Bevan,Newport North,9242,306,211,38,553,74,83,1433,60,84,910,18,18,71,171,137,739,200,1935
2018,W93061,Aneurin Bevan,Newport North,11521,404,183,122,594,90,76,1745,49,68,972,35,24,82,231,255,802,344,2774
2018,W93039,Aneurin Bevan,Newport West,4594,115,106,18,400,29,31,564,27,57,610,5,11,28,53,44,204,74,803
2018,W93046,Aneurin Bevan,Newport West,6477,172,113,25,375,45,54,911,48,82,763,8,26,42,105,118,473,120,1324
2018,W93048,Aneurin Bevan,Newport West,17172,490,449,191,1106,128,144,2477,122,282,1718,45,255,92,345,252,1189,395,3125
2018,W93054,Aneurin Bevan,Newport West,15395,599,304,87,973,117,118,2272,63,138,1861,28,62,130,309,282,1039,417,3685
2018,W93116,Aneurin Bevan,Newport West,5940,178,132,70,307,45,37,765,21,47,488,4,20,36,104,92,323,96,995
2018,W93015,Aneurin Bevan,Torfaen North,6385,253,159,23,423,51,52,1097,35,75,892,9,27,52,135,172,485,123,1543
2018,W93031,Aneurin Bevan,Torfaen North,6559,246,137,34,409,49,74,1039,19,56,635,2,16,42,118,140,374,100,1510
2018,W93055,Aneurin Bevan,Torfaen North,7101,259,180,41,524,64,52,1099,15,53,692,25,32,44,142,159,590,188,1941
2018,W93056,Aneurin Bevan,Torfaen North,6907,277,141,60,494,48,64,1262,30,59,889,17,23,57,114,146,530,215,1710
2018,W93057,Aneurin Bevan,Torfaen North,10645,461,349,60,813,92,148,2076,77,105,1242,26,49,106,254,257,972,329,2524
2018,W93058,Aneurin Bevan,Torfaen North,11854,519,317,93,883,98,165,2107,51,102,1649,14,51,78,312,311,960,401,3268
2018,W93024,Aneurin Bevan,Torfaen South,8392,357,172,70,634,77,71,1423,63,65,1158,16,6,60,211,187,642,254,2179
2018,W93025,Aneurin Bevan,Torfaen South,4280,186,98,23,237,31,40,620,11,33,274,3,6,33,92,122,293,142,1190
2018,W93026,Aneurin Bevan,Torfaen South,4076,186,135,21,266,36,50,710,18,35,476,1,8,31,95,111,233,96,1048
2018,W93027,Aneurin Bevan,Torfaen South,8435,360,136,47,540,47,89,1437,39,61,708,43,39,45,185,184,495,223,2108
2018,W93028,Aneurin Bevan,Torfaen South,7011,221,175,38,478,67,63,1148,34,60,592,9,18,38,147,153,518,221,1627
2018,W93029,Aneurin Bevan,Torfaen South,7125,248,212,81,403,72,78,1159,18,48,492,26,4,54,129,117,513,169,1390
2018,W93030,Aneurin Bevan,Torfaen South,6545,224,119,28,372,45,52,902,38,59,684,4,8,48,107,108,521,72,1278
2018,W94002,Betsi Cadwaladr,Anglesey,10015,449,373,62,693,70,118,1666,49,76,1115,45,27,95,293,266,939,334,3117
2018,W94006,Betsi Cadwaladr,Anglesey,4746,194,129,39,302,33,85,932,39,45,384,23,25,36,132,130,459,162,1366
2018,W94009,Betsi Cadwaladr,Anglesey,4645,208,113,53,309,42,91,1011,17,57,358,33,6,45,115,157,434,200,1704
2018,W94014,Betsi Cadwaladr,Anglesey,4696,160,131,30,284,45,45,896,21,35,582,13,25,43,118,103,424,117,1231
2018,W94015,Betsi Cadwaladr,Anglesey,8198,460,274,129,514,69,133,1695,46,74,908,169,59,53,242,218,752,358,2482
2018,W94023,Betsi Cadwaladr,Anglesey,7167,277,207,40,479,41,85,1402,32,73,434,26,22,43,164,207,411,287,2456
2018,W94026,Betsi Cadwaladr,Anglesey,5228,192,198,30,313,54,42,843,33,37,519,16,12,40,130,128,319,184,1313
2018,W94029,Betsi Cadwaladr,Anglesey,6980,249,160,40,391,41,62,901,33,73,623,3,22,56,141,147,574,168,1738
2018,W94038,Betsi Cadwaladr,Anglesey,10334,369,268,60,683,75,105,1446,35,83,787,18,23,72,231,223,754,307,2676
2018,W94043,Betsi Cadwaladr,Anglesey,2283,88,48,10,153,15,22,434,8,16,304,2,4,14,42,56,172,68,573
2018,W94633,Betsi Cadwaladr,Anglesey,1293,56,38,2,73,5,18,229,8,14,98,9,5,13,31,32,99,49,338
2018,W94010,Betsi Cadwaladr,Arfon,11623,134,164,21,280,53,25,734,19,65,469,6,7,23,97,107,534,129,1237
2018,W94017,Betsi Cadwaladr,Arfon,5928,174,165,52,283,47,55,884,48,56,386,26,19,55,123,124,506,165,1413
2018,W94027,Betsi Cadwaladr,Arfon,5993,204,141,31,267,58,45,854,28,61,355,9,42,48,109,111,369,174,1362
2018,W94028,Betsi Cadwaladr,Arfon,6320,182,168,27,300,49,46,867,30,53,375,8,7,35,79,101,467,110,1270
2018,W94030,Betsi Cadwaladr,Arfon,13128,460,371,130,711,89,153,2091,106,160,851,25,62,77,231,280,923,410,3092
2018,W94033,Betsi Cadwaladr,Arfon,2742,99,49,11,128,19,19,365,5,14,208,9,5,17,55,49,215,79,706
2018,W94034,Betsi Cadwaladr,Arfon,8970,219,255,94,432,85,65,943,55,84,666,49,82,44,127,130,638,234,1740
2018,W94039,Betsi Cadwaladr,Arfon,5747,173,146,27,271,31,56,873,39,36,269,6,11,33,121,124,443,168,1296
2018,W94040,Betsi Cadwaladr,Arfon,3555,94,112,16,183,25,37,547,18,37,420,19,15,28,37,61,234,110,728
2018,W94609,Betsi Cadwaladr,Arfon,4513,169,130,35,298,44,47,817,21,36,271,11,24,39,119,135,307,164,1304
2018,W91002,Betsi Cadwaladr,Central & South Denbighshire,10321,378,207,68,541,62,103,1715,36,95,570,19,59,66,216,274,609,348,2836
2018,W91023,Betsi Cadwaladr,Central & South Denbighshire,5186,242,177,34,361,38,88,850,46,48,370,6,15,52,110,122,394,217,1489
2018,W91027,Betsi Cadwaladr,Central & South Denbighshire,5143,214,187,38,318,51,76,959,77,57,282,27,32,39,98,116,478,152,1291
2018,W91033,Betsi Cadwaladr,Central & South Denbighshire,9130,372,250,87,530,66,114,1742,21,107,650,20,36,83,219,271,584,332,2652
2018,W91034,Betsi Cadwaladr,Central & South Denbighshire,2830,85,63,11,136,13,27,471,9,22,215,4,1,14,65,66,220,102,798
2018,W91047,Betsi Cadwaladr,Central & South Denbighshire,4001,157,106,23,214,26,69,672,7,41,255,7,87,35,111,123,342,130,1080
2018,W91057,Betsi Cadwaladr,Central & South Denbighshire,3488,136,100,28,201,25,46,468,15,22,158,7,14,33,73,67,281,107,896
2018,W91624,Betsi Cadwaladr,Central & South Denbighshire,1913,44,62,14,104,32,15,295,85,45,163,5,1,10,32,34,104,50,463
2018,W91004,Betsi Cadwaladr,Central Wrexham,13332,512,300,107,815,105,168,2489,83,170,1492,56,34,109,316,368,917,503,3521
2018,W91022,Betsi Cadwaladr,Central Wrexham,13530,446,339,89,704,103,147,2083,63,149,1310,27,40,73,263,236,960,380,2807
2018,W91030,Betsi Cadwaladr,Central Wrexham,6489,237,181,53,383,59,72,941,23,99,1015,7,29,40,133,130,437,171,1373
2018,W91042,Betsi Cadwaladr,Central Wrexham,3437,112,71,12,164,24,22,472,21,77,308,2,3,14,52,77,201,104,637
2018,W91054,Betsi Cadwaladr,Central Wrexham,5674,147,73,12,221,27,35,846,23,31,190,9,10,38,69,81,291,123,1139
2018,W91058,Betsi Cadwaladr,Central Wrexham,5435,209,153,21,362,41,54,878,31,63,496,0,14,32,87,110,408,103,1249
2018,W91629,Betsi Cadwaladr,Central Wrexham,3962,100,67,124,196,41,27,397,35,74,258,1,30,6,66,52,231,38,532
2018,W91007,Betsi Cadwaladr,Conwy East,11895,436,243,89,726,97,142,1821,54,122,1045,27,30,86,241,253,897,411,3089
2018,W91014,Betsi Cadwaladr,Conwy East,6955,396,322,81,648,50,76,1467,25,66,931,13,10,64,161,192,631,285,2258
2018,W91031,Betsi Cadwaladr,Conwy East,9480,339,198,152,500,94,86,1321,54,113,842,43,14,44,212,224,586,290,2310
2018,W91038,Betsi Cadwaladr,Conwy East,15615,828,444,143,1122,129,153,3225,60,126,805,9,34,109,402,446,1233,635,5301
2018,W91048,Betsi Cadwaladr,Conwy East,8929,372,206,134,549,85,110,1549,42,96,488,20,16,39,217,245,629,335,2532
2018,W00065,Betsi Cadwaladr,Conwy West,2284,64,133,15,125,15,21,354,1,5,338,4,4,11,34,55,135,50,607
2018,W94001,Betsi Cadwaladr,Conwy West,9138,398,183,99,494,84,113,1680,70,123,619,27,25,59,228,242,644,345,2602
2018,W94003,Betsi Cadwaladr,Conwy West,7617,303,227,49,455,51,59,1244,30,82,547,7,6,70,181,147,526,96,2055
2018,W94005,Betsi Cadwaladr,Conwy West,2592,65,52,8,145,15,19,400,7,16,251,7,8,14,34,48,163,75,673
2018,W94016,Betsi Cadwaladr,Conwy West,3602,142,93,19,194,27,45,663,13,14,317,15,6,29,82,93,262,171,1038
2018,W94018,Betsi Cadwaladr,Conwy West,6164,263,139,79,338,42,97,1220,22,40,348,17,12,44,179,251,349,278,2291
2018,W94019,Betsi Cadwaladr,Conwy West,11551,625,254,144,751,119,307,2129,75,146,965,201,15,100,389,431,911,480,3568
2018,W94020,Betsi Cadwaladr,Conwy West,1844,75,34,13,126,21,25,308,8,17,103,3,27,15,42,37,109,53,501
2018,W94024,Betsi Cadwaladr,Conwy West,5513,199,153,45,331,38,44,870,34,36,339,2,12,45,127,103,304,149,1491
2018,W94031,Betsi Cadwaladr,Conwy West,6832,281,171,41,367,48,68,1193,41,45,580,7,23,52,158,171,437,252,1944
2018,W94046,Betsi Cadwaladr,Conwy West,4270,145,93,17,247,20,38,752,17,16,370,15,47,25,79,103,326,155,1066
2018,W94622,Betsi Cadwaladr,Conwy West,2507,85,55,13,142,13,34,433,6,22,100,2,7,20,43,63,155,82,713
2018,W94011,Betsi Cadwaladr,Dwyfor,7600,293,208,55,453,59,98,1445,29,67,782,5,30,63,154,224,681,265,2063
2018,W94021,Betsi Cadwaladr,Dwyfor,3787,164,104,87,240,32,58,778,12,43,276,13,29,34,135,156,286,61,1322
2018,W94025,Betsi Cadwaladr,Dwyfor,5183,244,115,32,290,37,77,1059,14,23,342,18,19,35,122,140,321,238,1631
2018,W94037,Betsi Cadwaladr,Dwyfor,4431,142,75,12,249,31,41,765,21,27,370,4,8,29,104,94,259,110,1205
2018,W94612,Betsi Cadwaladr,Dwyfor,3915,154,126,16,280,26,47,729,21,29,328,6,10,32,80,123,296,186,1249
2018,W94004,Betsi Cadwaladr,Meirionnydd,4786,154,139,15,294,50,42,674,28,49,250,7,19,48,99,86,382,124,1215
2018,W94007,Betsi Cadwaladr,Meirionnydd,5464,323,203,77,492,51,151,1337,28,56,704,30,15,52,200,226,416,257,2126
2018,W94008,Betsi Cadwaladr,Meirionnydd,4514,241,131,18,334,29,76,836,28,45,465,3,34,33,104,157,394,218,1604
2018,W94032,Betsi Cadwaladr,Meirionnydd,7359,292,196,40,462,39,88,1504,34,60,530,29,22,63,179,214,467,300,2261
2018,W94035,Betsi Cadwaladr,Meirionnydd,4590,149,136,20,245,28,48,718,22,27,329,3,5,35,78,110,291,165,1118
2018,W94036,Betsi Cadwaladr,Meirionnydd,4618,191,160,35,333,52,59,822,63,48,654,24,32,28,121,137,257,218,1486
2018,W00007,Betsi Cadwaladr,North & West Wrexham,7029,242,180,45,404,51,93,1158,35,70,880,31,28,40,109,145,541,197,1372
2018,W91006,Betsi Cadwaladr,North & West Wrexham,8267,275,247,25,476,67,87,1152,20,105,576,3,18,44,150,146,560,202,1677
2018,W91016,Betsi Cadwaladr,North & West Wrexham,4773,191,148,33,301,30,53,816,19,42,510,0,11,32,103,118,398,156,1257
2018,W91020,Betsi Cadwaladr,North & West Wrexham,6499,204,180,36,321,50,66,857,28,70,609,13,17,36,111,125,539,160,1297
2018,W91025,Betsi Cadwaladr,North & West Wrexham,12854,535,334,100,724,83,121,2519,23,73,1434,10,13,75,272,403,965,578,3587
2018,W91056,Betsi Cadwaladr,North & West Wrexham,2428,85,37,11,116,11,24,307,17,18,180,2,9,14,29,42,129,77,493
2018,W91003,Betsi Cadwaladr,North Denbighshire,16165,824,617,305,1188,180,227,2951,179,240,1055,88,113,145,386,416,1170,635,4496
2018,W91009,Betsi Cadwaladr,North Denbighshire,21387,1146,785,223,1598,194,232,3875,69,226,1147,117,80,169,509,588,1599,891,6542
2018,W91028,Betsi Cadwaladr,North Denbighshire,7971,340,294,54,518,60,71,1399,46,61,828,6,21,54,152,177,706,216,2174
2018,W91053,Betsi Cadwaladr,North Denbighshire,6403,210,230,36,399,50,52,989,47,85,488,8,20,45,105,121,445,179,1555
2018,W91615,Betsi Cadwaladr,North Denbighshire,2144,83,61,7,133,17,9,254,6,12,111,5,5,8,23,29,164,53,572
2018,W91622,Betsi Cadwaladr,North Denbighshire,6342,192,212,27,311,41,85,914,47,93,636,15,13,39,105,116,499,130,1288
2018,W91015,Betsi Cadwaladr,North East Flintshire,10387,323,164,21,532,59,48,1486,12,45,791,4,16,56,157,195,696,299,2424
2018,W91021,Betsi Cadwaladr,North East Flintshire,15514,536,311,65,899,94,150,2344,58,94,1731,17,50,117,301,366,1004,487,3501
2018,W91036,Betsi Cadwaladr,North East Flintshire,8186,292,241,36,438,72,91,1185,26,48,638,19,19,71,158,209,520,245,2009
2018,W91039,Betsi Cadwaladr,North East Flintshire,5404,230,112,29,332,41,67,900,12,44,177,7,17,60,105,116,345,176,1361
2018,W91040,Betsi Cadwaladr,North East Flintshire,7222,220,140,21,383,32,91,1125,25,50,942,8,14,40,139,141,592,209,1524
2018,W91051,Betsi Cadwaladr,North East Flintshire,7690,322,186,42,378,50,67,994,29,57,385,8,26,45,103,113,476,166,1440
2018,W91060,Betsi Cadwaladr,North East Flintshire,5976,223,178,31,352,35,65,1094,33,43,1115,35,12,57,90,109,446,160,1202
2018,W91607,Betsi Cadwaladr,North East Flintshire,1750,80,40,4,97,13,15,412,6,18,136,1,6,12,47,18,102,48,421
2018,W91005,Betsi Cadwaladr,North West Flintshire,9888,364,289,49,620,52,78,1664,27,68,1002,20,12,68,160,208,604,285,2530
2018,W91029,Betsi Cadwaladr,North West Flintshire,7804,277,188,46,474,54,81,1608,36,54,612,12,10,59,142,213,590,289,2013
2018,W91032,Betsi Cadwaladr,North West Flintshire,5381,194,140,55,308,50,52,813,19,38,527,4,15,43,91,82,300,125,1151
2018,W91037,Betsi Cadwaladr,North West Flintshire,2665,101,97,16,186,20,28,407,33,32,196,2,5,13,34,56,219,63,575
2018,W91046,Betsi Cadwaladr,North West Flintshire,3895,135,57,26,244,24,40,572,15,29,175,8,8,25,54,79,192,72,960
2018,W91055,Betsi Cadwaladr,North West Flintshire,6371,260,188,47,380,49,63,1111,27,52,704,24,18,35,117,165,526,188,1553
2018,W91636,Betsi Cadwaladr,North West Flintshire,3413,129,84,12,213,29,25,457,35,29,341,3,9,22,45,58,317,68,720
2018,W00076,Betsi Cadwaladr,South Flintshire,14710,525,358,67,794,106,158,2223,49,129,1357,28,29,104,282,339,1126,535,3346
2018,W91013,Betsi Cadwaladr,South Flintshire,8942,319,145,95,517,61,72,1436,16,44,785,4,12,54,185,226,588,324,2277
2018,W91017,Betsi Cadwaladr,South Flintshire,10732,490,238,79,705,79,155,1914,59,83,1110,87,48,84,305,398,818,464,3595
2018,W91018,Betsi Cadwaladr,South Flintshire,10255,395,191,41,520,72,99,1453,31,56,787,26,14,89,231,231,745,335,2756
2018,W91044,Betsi Cadwaladr,South Flintshire,2399,91,77,5,160,11,24,476,9,10,188,2,10,10,55,53,122,90,627
2018,W91610,Betsi Cadwaladr,South Flintshire,2010,81,61,26,133,13,25,360,13,17,337,2,36,18,39,49,150,67,506
2018,W91626,Betsi Cadwaladr,South Flintshire,2048,57,29,3,114,8,16,336,10,42,113,6,16,10,30,27,142,56,457
2018,W91010,Betsi Cadwaladr,South Wrexham,9217,362,197,85,517,77,100,1458,31,88,924,48,77,77,224,288,608,360,2612
2018,W91019,Betsi Cadwaladr,South Wrexham,8552,359,263,52,502,70,91,1633,48,78,513,5,27,75,164,178,944,287,1941
2018,W91024,Betsi Cadwaladr,South Wrexham,9918,349,228,106,619,89,88,1548,33,62,1058,86,35,70,238,263,574,322,2576
2018,W91026,Betsi Cadwaladr,South Wrexham,6592,229,124,22,365,44,78,1229,20,49,661,30,7,49,136,202,527,245,1592
2018,W91043,Betsi Cadwaladr,South Wrexham,9047,349,178,37,506,75,104,1668,23,63,983,4,27,43,129,198,661,310,2144
2018,W91059,Betsi Cadwaladr,South Wrexham,5930,182,222,12,335,49,60,803,50,77,290,5,2,56,83,86,475,134,1228
2018,W91604,Betsi Cadwaladr,South Wrexham,1867,67,23,3,116,16,14,466,4,11,76,5,3,8,24,36,105,49,602
2018,W91614,Betsi Cadwaladr,South Wrexham,2328,84,54,6,146,10,29,342,13,36,350,4,23,11,48,54,141,47,502
2018,W97006,Cardiff & Vale,Cardiff East,18854,436,315,72,927,123,136,2209,102,136,2714,67,27,79,211,213,1316,429,2968
2018,W97008,Cardiff & Vale,Cardiff East,18302,614,429,157,1088,130,184,2401,77,169,1550,149,49,112,339,332,1233,498,3486
2018,W97027,Cardiff & Vale,Cardiff East,15414,523,441,109,897,127,135,2633,102,116,955,10,9,140,294,283,1028,446,3362
2018,W97069,Cardiff & Vale,Cardiff East,5019,96,67,69,215,28,16,492,15,21,302,3,12,25,56,42,316,52,666
2018,W97010,Cardiff & Vale,Cardiff North,9727,341,151,93,512,48,148,1458,28,65,843,25,16,73,226,237,786,358,2332
2018,W97013,Cardiff & Vale,Cardiff North,8896,331,142,119,485,73,109,1522,23,99,720,104,33,56,218,245,752,296,2448
2018,W97015,Cardiff & Vale,Cardiff North,15546,493,191,101,745,92,155,2410,20,111,1605,16,27,81,321,376,1213,629,3732
2018,W97021,Cardiff & Vale,Cardiff North,10524,330,92,71,481,68,100,1375,28,76,853,7,29,68,191,222,815,339,2313
2018,W97025,Cardiff & Vale,Cardiff North,7988,142,111,30,285,39,30,702,34,52,399,43,7,32,81,71,472,157,936
2018,W97033,Cardiff & Vale,Cardiff North,10490,247,96,76,377,63,114,1190,24,79,472,37,15,53,190,171,760,270,2022
2018,W97034,Cardiff & Vale,Cardiff North,12474,206,63,51,364,52,60,805,40,90,382,17,42,37,129,147,686,211,1463
2018,W97041,Cardiff & Vale,Cardiff North,7994,212,109,37,380,58,102,925,30,60,581,39,13,29,132,134,566,181,1205
2018,W97053,Cardiff & Vale,Cardiff North,7735,215,66,60,322,38,52,1001,24,54,609,6,33,46,137,125,519,187,1568
2018,W97065,Cardiff & Vale,Cardiff North,10432,164,146,46,410,48,57,1159,33,50,905,9,22,35,101,89,704,194,1253
2018,W97002,Cardiff & Vale,Cardiff South East,6236,157,210,35,341,46,43,792,29,83,491,1,16,31,92,92,278,99,1038
2018,W97007,Cardiff & Vale,Cardiff South East,7496,143,199,34,409,62,44,874,31,147,712,3,12,35,106,78,499,137,1190
2018,W97009,Cardiff & Vale,Cardiff South East,6095,51,27,29,134,24,29,227,4,31,363,12,41,10,39,30,269,39,340
2018,W97014,Cardiff & Vale,Cardiff South East,6827,112,47,21,281,33,30,423,16,73,419,13,5,23,69,48,274,55,788
2018,W97020,Cardiff & Vale,Cardiff South East,10113,233,132,26,393,42,54,735,26,70,680,25,20,37,115,121,503,129,1387
2018,W97048,Cardiff & Vale,Cardiff South East,12526,270,187,63,604,80,94,1310,54,145,1335,35,33,61,185,110,833,224,1608
2018,W97056,Cardiff & Vale,Cardiff South East,7114,36,13,9,86,8,15,158,2,14,258,7,8,8,20,19,158,30,226
2018,W97060,Cardiff & Vale,Cardiff South East,7838,150,138,37,385,61,51,744,27,93,489,3,29,21,99,84,585,150,1225
2018,W97005,Cardiff & Vale,Cardiff South West,4210,142,105,29,225,28,35,564,12,60,294,18,14,16,66,64,276,131,931
2018,W97016,Cardiff & Vale,Cardiff South West,3867,129,85,21,326,28,20,507,18,44,232,6,2,23,62,78,257,90,950
2018,W97017,Cardiff & Vale,Cardiff South West,8132,262,229,80,466,73,86,1109,55,66,922,34,27,28,159,131,461,228,1573
2018,W97018,Cardiff & Vale,Cardiff South West,4729,76,40,3,293,17,40,476,33,55,270,5,6,16,34,16,261,45,461
2018,W97023,Cardiff & Vale,Cardiff South West,7820,248,249,48,406,65,77,1193,32,77,686,8,20,39,136,186,546,202,1735
2018,W97031,Cardiff & Vale,Cardiff South West,6025,195,100,64,300,53,46,676,58,86,507,10,14,33,112,135,431,154,1144
2018,W97040,Cardiff & Vale,Cardiff South West,12957,371,267,52,828,93,104,1728,68,112,1087,7,19,63,261,204,1310,169,2424
2018,W97067,Cardiff & Vale,Cardiff South West,5090,78,32,34,113,26,16,374,20,58,245,9,7,17,59,46,308,69,565
2018,W97068,Cardiff & Vale,Cardiff South West,3051,65,74,18,178,24,26,423,13,21,216,1,5,15,45,45,162,59,586
2018,W97296,Cardiff & Vale,Cardiff South West,7807,129,133,45,255,51,58,694,18,71,434,13,4,31,80,80,737,127,921
2018,W97623,Cardiff & Vale,Cardiff South West,2570,57,60,4,150,20,8,284,16,21,422,2,2,8,30,17,112,32,341
2018,W97024,Cardiff & Vale,Cardiff West,8653,247,93,67,348,56,83,1152,16,62,539,21,14,55,160,197,615,313,1990
2018,W97028,Cardiff & Vale,Cardiff West,8278,272,111,52,375,59,120,1111,35,81,625,19,27,41,205,219,532,276,1955
2018,W97036,Cardiff & Vale,Cardiff West,6019,164,83,17,257,33,55,817,22,31,511,16,6,38,82,117,435,129,1170
2018,W97047,Cardiff & Vale,Cardiff West,9169,407,203,49,539,70,62,1310,46,107,683,17,21,72,239,209,656,278,2307
2018,W97059,Cardiff & Vale,Cardiff West,4970,134,68,33,230,32,57,664,22,70,295,22,22,20,103,121,390,169,1100
2018,W97286,Cardiff & Vale,Cardiff West,6738,182,147,62,345,45,83,728,29,74,500,44,14,28,117,120,458,175,1192
2018,W97294,Cardiff & Vale,Cardiff West,5968,148,80,33,290,40,27,737,28,82,451,2,15,34,104,104,457,184,1194
2018,W97619,Cardiff & Vale,Cardiff West,6782,181,72,39,244,31,62,903,21,76,263,16,11,42,106,130,501,215,1328
2018,W97001,Cardiff & Vale,Central Vale,14041,421,266,97,675,108,94,2022,58,101,1259,12,49,72,271,291,1134,328,3011
2018,W97032,Cardiff & Vale,Central Vale,12267,414,284,60,722,114,111,1805,55,124,1469,54,15,74,221,238,689,372,2524
2018,W97046,Cardiff & Vale,Central Vale,11676,441,350,73,736,96,139,2125,57,113,938,48,16,93,249,250,927,344,2747
2018,W97058,Cardiff & Vale,Central Vale,7230,262,159,68,505,65,84,1206,39,82,738,18,28,47,156,147,517,190,1657
2018,W97062,Cardiff & Vale,Central Vale,3481,139,40,24,187,27,45,566,6,11,146,2,4,19,109,91,237,138,964
2018,W97064,Cardiff & Vale,Central Vale,7441,256,150,38,421,63,41,1094,77,59,701,3,10,45,173,152,436,215,1693
2018,W97611,Cardiff & Vale,Central Vale,7494,182,168,25,387,77,59,895,88,62,1111,5,28,37,104,106,468,160,1297
2018,W97029,Cardiff & Vale,City & Cardiff South,5188,96,85,25,251,40,28,369,16,71,289,2,5,20,64,40,343,83,676
2018,W97044,Cardiff & Vale,City & Cardiff South,7538,175,92,45,498,31,53,710,15,88,415,8,8,22,91,61,415,66,1001
2018,W97061,Cardiff & Vale,City & Cardiff South,8406,192,112,40,418,65,64,1047,28,95,771,21,45,37,112,123,499,169,1263
2018,W97063,Cardiff & Vale,City & Cardiff South,3360,63,42,13,154,17,9,437,13,36,217,2,5,13,38,34,136,66,543
2018,W97291,Cardiff & Vale,City & Cardiff South,8186,66,38,19,243,30,17,295,9,100,330,6,2,11,51,31,373,59,599
2018,W97299,Cardiff & Vale,City & Cardiff South,4592,128,48,27,420,19,36,691,22,40,428,1,11,16,58,34,366,46,687
2018,W97616,Cardiff & Vale,City & Cardiff South,3043,80,39,49,198,18,17,287,19,40,236,3,9,9,44,26,167,23,481
2018,W97003,Cardiff & Vale,Eastern Vale,7313,229,103,59,374,43,54,1027,15,64,447,39,10,38,127,158,586,257,1737
2018,W97011,Cardiff & Vale,Eastern Vale,8588,330,147,97,482,63,154,1377,31,74,505,28,32,45,241,221,521,379,2324
2018,W97019,Cardiff & Vale,Eastern Vale,5124,145,83,58,297,29,37,754,9,57,507,21,14,26,111,136,320,198,1376
2018,W97055,Cardiff & Vale,Eastern Vale,9495,358,121,74,478,54,75,1502,18,65,561,34,7,56,201,257,682,354,2621
2018,W97057,Cardiff & Vale,Eastern Vale,6299,174,94,59,293,37,41,677,18,48,423,5,8,18,115,112,391,137,1378
2018,W97038,Cardiff & Vale,Western Vale,7089,216,60,61,288,37,76,954,10,38,233,4,26,28,164,194,349,283,1820
2018,W97045,Cardiff & Vale,Western Vale,10843,441,191,77,629,71,187,1800,53,92,816,15,37,61,338,286,812,465,2997
2018,W97052,Cardiff & Vale,Western Vale,10412,302,153,73,547,67,104,1353,38,74,749,15,11,53,200,277,682,312,2499
2018,W95001,Cwm Taf,North Cynon,7721,278,306,39,562,88,84,1629,28,79,852,14,11,57,149,200,492,162,2072
2018,W95016,Cwm Taf,North Cynon,5466,210,110,23,345,45,53,991,31,61,778,1,7,47,101,99,333,141,1331
2018,W95020,Cwm Taf,North Cynon,5922,259,181,21,402,50,32,865,21,40,733,4,7,60,77,133,391,196,1460
2018,W95047,Cwm Taf,North Cynon,8136,330,188,49,505,57,78,1640,30,66,844,21,11,48,196,222,588,293,2101
2018,W95087,Cwm Taf,North Cynon,4326,195,128,28,316,42,51,660,25,43,444,20,1,35,80,124,245,127,1127
2018,W95633,Cwm Taf,North Cynon,9116,336,291,42,563,69,90,1390,33,93,720,5,10,73,167,201,583,222,1966
2018,W95005,Cwm Taf,North Merthyr Tydfil,3498,130,97,19,205,39,37,587,20,31,384,6,16,20,63,48,307,78,613
2018,W95023,Cwm Taf,North Merthyr Tydfil,8874,380,278,90,560,99,81,1438,35,97,1251,18,34,85,234,227,570,317,2204
2018,W95086,Cwm Taf,North Merthyr Tydfil,16988,753,596,113,1160,153,191,3191,89,154,2214,40,63,146,392,418,1153,504,3998
2018,W95647,Cwm Taf,North Merthyr Tydfil,2939,84,92,15,152,29,17,403,20,40,414,2,4,19,41,37,164,58,500
2018,W95019,Cwm Taf,North Rhondda,6172,357,267,27,430,67,99,1290,39,77,726,2,5,51,199,161,409,194,1534
2018,W95030,Cwm Taf,North Rhondda,4829,200,145,24,326,44,49,872,17,58,492,18,8,25,116,118,334,153,1262
2018,W95051,Cwm Taf,North Rhondda,7664,370,340,26,474,68,64,1573,33,82,868,1,19,64,149,164,554,189,1934
2018,W95054,Cwm Taf,North Rhondda,10220,381,275,26,712,88,90,1595,28,128,1241,14,5,114,241,196,730,172,2542
2018,W95071,Cwm Taf,North Rhondda,6684,260,202,24,505,53,34,1246,28,48,903,1,11,42,145,153,440,145,1702
2018,W95014,Cwm Taf,North Taf Ely,12505,508,329,102,793,100,111,2174,42,121,1328,26,33,95,301,291,1023,452,3314
2018,W95024,Cwm Taf,North Taf Ely,16223,451,303,121,954,128,156,2324,71,151,1977,13,42,83,300,309,1021,415,3039
2018,W95058,Cwm Taf,North Taf Ely,15839,545,442,84,1020,140,121,2413,104,133,2245,15,32,127,295,302,1091,411,3343
2018,W95619,Cwm Taf,North Taf Ely,2338,88,66,12,144,22,17,401,15,32,333,11,8,17,50,55,149,82,548
2018,W95029,Cwm Taf,South Cynon,4108,143,193,12,295,44,36,760,21,39,693,7,2,33,72,81,322,73,901
2018,W95038,Cwm Taf,South Cynon,4294,131,154,42,302,35,53,684,31,39,704,7,10,26,78,63,312,110,903
2018,W95042,Cwm Taf,South Cynon,6496,253,200,20,411,62,70,992,41,55,799,4,17,43,112,135,484,195,1398
2018,W95055,Cwm Taf,South Cynon,1763,72,67,4,127,21,19,339,2,13,265,1,0,14,53,50,114,53,506
2018,W95623,Cwm Taf,South Cynon,4357,227,226,31,354,40,113,1069,23,41,796,21,12,49,105,110,319,125,1188
2018,W95026,Cwm Taf,South Merthyr Tydfil,5079,158,140,34,313,41,36,914,23,68,670,12,9,31,81,98,292,158,1215
2018,W95032,Cwm Taf,South Merthyr Tydfil,5895,196,144,35,424,44,60,1145,23,51,1098,2,15,43,99,134,390,179,1395
2018,W95072,Cwm Taf,South Merthyr Tydfil,12411,352,264,35,613,90,64,1659,27,112,905,1,10,98,210,187,912,178,2589
2018,W95290,Cwm Taf,South Merthyr Tydfil,1982,87,39,6,134,14,28,330,9,14,204,2,3,13,46,40,145,60,511
2018,W95634,Cwm Taf,South Merthyr Tydfil,3151,116,109,21,221,24,28,671,10,22,531,6,10,26,51,66,236,73,755
2018,W95004,Cwm Taf,South Rhondda,8626,305,305,68,626,68,74,1652,37,83,1410,37,37,59,198,174,690,195,2003
2018,W95007,Cwm Taf,South Rhondda,5062,152,113,18,336,49,15,1049,20,49,859,3,5,28,69,107,522,84,1168
2018,W95027,Cwm Taf,South Rhondda,8978,357,217,29,515,98,79,1312,47,69,1381,8,8,72,207,198,565,236,2137
2018,W95044,Cwm Taf,South Rhondda,9115,338,235,66,538,85,67,1264,57,99,1454,9,15,57,243,199,618,238,2008
2018,W95057,Cwm Taf,South Rhondda,5012,209,141,31,363,45,33,1014,27,38,656,11,5,27,117,122,295,129,1279
2018,W95062,Cwm Taf,South Rhondda,7121,271,222,46,482,84,84,1440,66,91,1164,24,3,45,157,174,605,219,1666
2018,W95076,Cwm Taf,South Rhondda,3816,187,98,9,295,37,41,664,19,47,230,12,7,20,66,76,244,105,916
2018,W95295,Cwm Taf,South Rhondda,5691,242,194,38,413,70,35,970,25,40,1055,4,8,47,123,123,458,137,1312
2018,W95011,Cwm Taf,South Taf Ely,17388,561,219,60,850,100,109,2380,45,124,1302,41,10,122,284,336,1137,393,3844
2018,W95025,Cwm Taf,South Taf Ely,12249,408,211,51,707,78,53,1817,49,86,1225,2,34,66,212,287,989,387,2786
2018,W95036,Cwm Taf,South Taf Ely,12029,432,254,62,710,107,115,1790,48,148,972,62,47,80,267,241,989,359,2697
2018,W95060,Cwm Taf,South Taf Ely,6914,185,104,76,379,52,50,1080,30,39,643,14,6,49,117,132,476,227,1459
2018,W00142,Hywel Dda,Amman/Gwendraeth,7749,360,263,37,582,62,101,1037,24,71,912,1,38,56,177,179,587,246,2008
2018,W92003,Hywel Dda,Amman/Gwendraeth,8166,427,226,58,605,91,151,1454,34,84,1159,4,18,69,219,247,672,285,2369
2018,W92013,Hywel Dda,Amman/Gwendraeth,4214,189,105,11,286,37,52,798,18,40,482,3,10,35,91,105,384,126,1025
2018,W92035,Hywel Dda,Amman/Gwendraeth,7325,354,223,69,497,65,110,1188,76,45,1002,31,17,51,170,222,512,228,2143
2018,W92036,Hywel Dda,Amman/Gwendraeth,10387,474,294,98,726,92,115,1703,54,62,907,93,70,90,253,258,732,380,2988
2018,W92040,Hywel Dda,Amman/Gwendraeth,9221,370,185,64,594,67,72,1371,73,71,871,2,14,62,156,227,830,268,2375
2018,W92046,Hywel Dda,Amman/Gwendraeth,4215,226,63,19,296,26,34,676,10,35,599,2,7,39,95,96,262,85,1168
2018,W92051,Hywel Dda,Amman/Gwendraeth,8462,364,225,61,584,59,104,1411,29,72,1180,4,26,100,165,186,643,319,2228
2018,W00133,Hywel Dda,Llanelli,7763,375,193,76,514,68,131,1269,47,83,881,21,28,52,185,235,585,254,2026
2018,W00134,Hywel Dda,Llanelli,10409,432,237,85,742,98,133,1542,66,90,1441,64,65,101,251,260,816,327,2396
2018,W92021,Hywel Dda,Llanelli,7973,345,145,67,516,84,75,1177,36,79,751,5,6,54,209,187,614,262,1917
2018,W92031,Hywel Dda,Llanelli,7265,338,196,53,531,60,71,1363,45,59,625,37,14,69,170,208,526,282,2269
2018,W92037,Hywel Dda,Llanelli,9157,356,183,56,498,80,78,1013,48,118,624,16,54,45,189,203,761,272,2083
2018,W92048,Hywel Dda,Llanelli,4620,196,80,34,281,38,35,778,38,45,465,6,10,42,114,124,337,172,1185
2018,W92052,Hywel Dda,Llanelli,14305,639,356,104,1059,128,123,2434,89,108,1570,9,98,99,347,325,1037,514,3628
2018,W92006,Hywel Dda,North Ceredigion,2669,150,76,29,198,16,69,549,3,24,352,2,7,24,70,94,143,102,875
2018,W92014,Hywel Dda,North Ceredigion,10607,314,160,78,490,81,130,1342,40,131,898,44,21,78,207,226,598,301,2142
2018,W92022,Hywel Dda,North Ceredigion,7407,354,172,31,553,68,158,1634,49,75,837,7,65,77,168,222,527,261,2510
2018,W92024,Hywel Dda,North Ceredigion,11464,173,89,46,310,50,83,822,31,64,563,14,17,38,90,133,564,169,1253
2018,W92025,Hywel Dda,North Ceredigion,7559,291,188,77,426,54,157,1396,35,73,721,27,58,86,150,225,578,258,2019
2018,W92053,Hywel Dda,North Ceredigion,3585,156,87,18,256,30,83,689,12,37,378,5,54,44,95,84,228,117,1137
2018,W92056,Hywel Dda,North Ceredigion,3387,133,106,22,196,21,76,627,25,17,373,3,17,21,67,76,254,92,996
2018,W92002,Hywel Dda,North Pembrokeshire,12332,338,324,72,684,70,77,2024,69,96,998,14,59,114,217,306,770,366,2985
2018,W92008,Hywel Dda,North Pembrokeshire,8600,357,310,64,605,80,96,1595,26,74,963,26,55,101,182,252,598,294,2364
2018,W92015,Hywel Dda,North Pembrokeshire,5292,225,135,37,314,43,60,909,12,36,499,5,15,53,129,159,274,198,1755
2018,W92041,Hywel Dda,North Pembrokeshire,8543,323,148,36,601,83,82,1010,50,78,494,12,36,77,216,200,549,170,2180
2018,W92042,Hywel Dda,North Pembrokeshire,14546,490,538,97,803,102,133,2296,69,170,1085,18,71,153,328,388,632,460,3806
2018,W92058,Hywel Dda,North Pembrokeshire,2438,99,74,21,155,25,23,516,47,21,293,2,20,20,55,83,177,88,788
2018,W92059,Hywel Dda,North Pembrokeshire,2520,115,70,16,210,18,39,532,5,23,329,1,18,34,58,119,222,165,826
2018,W92061,Hywel Dda,North Pembrokeshire,4051,176,97,27,238,33,37,664,21,34,255,5,19,70,80,107,267,104,1148
2018,W92064,Hywel Dda,North Pembrokeshire,7014,341,171,37,481,63,158,1480,28,61,423,42,42,105,243,254,586,311,2236
2018,W92005,Hywel Dda,South Ceredigion,5225,187,132,17,335,28,46,804,6,27,326,4,11,26,105,130,285,53,1716
2018,W92018,Hywel Dda,South Ceredigion,7949,322,183,61,483,65,74,1460,28,95,448,9,46,53,191,215,675,351,2394
2018,W92019,Hywel Dda,South Ceredigion,5825,273,105,57,382,54,67,1066,40,45,436,7,32,72,160,209,371,227,1825
2018,W92034,Hywel Dda,South Ceredigion,6149,291,190,22,449,49,63,1345,20,45,638,18,77,72,132,158,452,250,2008
2018,W92039,Hywel Dda,South Ceredigion,11750,443,249,64,718,77,155,1939,74,113,1287,62,50,95,225,290,784,426,3127
2018,W92044,Hywel Dda,South Ceredigion,7476,353,182,60,464,53,59,1386,23,61,621,9,41,50,228,252,516,192,2396
2018,W92065,Hywel Dda,South Ceredigion,3813,167,95,43,258,26,49,734,10,47,271,4,7,49,113,123,244,134,1233
2018,W00067,Hywel Dda,South Pembrokeshire,24685,977,684,147,1713,190,257,4153,154,269,1908,9,57,251,579,767,1794,868,6921
2018,W92027,Hywel Dda,South Pembrokeshire,7842,340,209,81,427,40,98,1353,22,82,679,12,20,74,219,309,498,364,2350
2018,W92033,Hywel Dda,South Pembrokeshire,9195,510,218,130,665,86,210,2015,47,111,1217,144,47,139,345,378,685,499,3276
2018,W92038,Hywel Dda,South Pembrokeshire,8924,347,123,77,507,65,81,1700,27,67,990,29,67,102,207,319,640,335,2720
2018,W92440,Hywel Dda,South Pembrokeshire,3653,144,88,18,211,28,33,601,33,25,403,2,17,46,88,69,252,130,911
2018,W92007,Hywel Dda,Taf / Teifi / Tywi,7190,372,138,46,585,55,89,1300,41,87,1103,48,44,69,195,248,549,285,2270
2018,W92009,Hywel Dda,Taf / Teifi / Tywi,9480,351,160,57,526,84,104,1547,61,67,984,19,13,74,251,292,602,427,2794
2018,W92016,Hywel Dda,Taf / Teifi / Tywi,14545,522,241,97,929,110,152,2318,46,203,1505,44,38,98,346,383,1001,411,3893
2018,W92023,Hywel Dda,Taf / Teifi / Tywi,7153,326,126,33,439,57,90,1114,27,60,666,14,16,58,176,234,534,258,1980
2018,W92050,Hywel Dda,Taf / Teifi / Tywi,7227,280,157,46,429,58,115,1122,31,88,530,4,4,57,168,180,474,238,1696
2018,W92055,Hywel Dda,Taf / Teifi / Tywi,5581,221,74,56,316,51,51,827,82,51,366,20,35,41,155,142,314,220,1698
2018,W92063,Hywel Dda,Taf / Teifi / Tywi,3706,130,77,16,227,11,31,591,14,24,473,10,3,24,100,118,216,174,1045
2018,W92616,Hywel Dda,Taf / Teifi / Tywi,3264,134,58,40,180,31,44,568,14,45,319,8,10,25,103,93,186,106,857
2018,W96004,Powys,Mid Powys,4717,217,106,24,283,27,55,865,12,51,328,6,6,65,130,120,372,148,1478
2018,W96006,Powys,Mid Powys,3249,148,116,63,235,27,67,624,13,22,362,7,39,26,110,98,160,153,1136
2018,W96007,Powys,Mid Powys,7602,312,206,49,455,49,100,1297,40,76,491,7,25,78,181,204,434,307,2485
2018,W96013,Powys,Mid Powys,10333,495,335,93,769,86,205,1883,57,124,1202,115,39,64,332,319,759,458,3256
2018,W96438,Powys,Mid Powys,3591,152,89,22,248,29,60,815,13,34,297,12,10,45,87,124,263,163,1231
2018,W96001,Powys,North Powys,7133,326,144,33,473,51,95,1088,27,59,714,13,29,63,199,203,569,272,2178
2018,W96005,Powys,North Powys,8712,344,120,30,564,62,116,1359,33,54,797,8,22,78,202,203,519,175,2703
2018,W96009,Powys,North Powys,5706,257,93,31,358,23,55,1190,23,51,764,49,13,57,150,133,404,165,1733
2018,W96010,Powys,North Powys,11029,403,190,76,659,82,82,1480,46,83,1173,6,80,72,248,244,994,291,2929
2018,W96011,Powys,North Powys,6797,278,233,34,504,43,130,1318,28,78,584,19,23,64,166,185,541,239,2074
2018,W96012,Powys,North Powys,10742,445,240,78,583,48,88,1799,31,74,889,89,27,90,280,279,679,426,3037
2018,W96015,Powys,North Powys,14187,483,307,68,745,123,76,1942,83,168,1621,12,27,133,270,236,843,376,3377
2018,W96002,Powys,South Powys,12100,524,433,146,894,84,168,2435,57,145,1781,56,154,115,358,325,936,417,3317
2018,W96003,Powys,South Powys,15702,529,338,141,981,88,178,2940,70,143,1030,15,52,140,371,444,1108,568,4376
2018,W96016,Powys,South Powys,9451,425,114,109,550,65,136,1634,16,84,771,16,117,68,285,346,666,367,3210
2018,W96017,Powys,South Powys,8383,302,163,58,445,67,116,1517,36,112,926,17,61,97,186,248,579,351,2581
